﻿<?xml version="1.0" encoding="utf-8"?>
<clothingItem>
        <m_MaleModel>skinned\rasmodels\penisdefault</m_MaleModel>
        <m_FemaleModel>skinned\rasmodels\penisdefault</m_FemaleModel>
        <m_GUID>321n46b8-zw7j-r45d-39l9-3a2o126j1fj4</m_GUID>
        <m_Static>false</m_Static>
        <m_AllowRandomHue>false</m_AllowRandomHue>
        <m_AllowRandomTint>false</m_AllowRandomTint>
        <m_AttachBone></m_AttachBone>
        <textureChoices>rasbodymodtextures\maleprivate\penis01_hair</textureChoices>
</clothingItem>