﻿<?xml version="1.0" encoding="utf-8"?>
<clothingItem>
        <m_MaleModel>skinned\rasmodels\penisturnaround</m_MaleModel>
        <m_FemaleModel>skinned\rasmodels\penisturnaround</m_FemaleModel>
        <m_GUID>8713q6ic-j478-md76-5a3y-5590h1az71ro</m_GUID>
        <m_Static>false</m_Static>
        <m_AllowRandomHue>false</m_AllowRandomHue>
        <m_AllowRandomTint>false</m_AllowRandomTint>
        <m_AttachBone></m_AttachBone>
        <textureChoices>rasbodymodtextures\maleprivate\penis04_hair</textureChoices>
</clothingItem>