﻿<?xml version="1.0" encoding="utf-8"?>
<clothingItem>
        <m_MaleModel>skinned\rasmodels\peniscoverwalk</m_MaleModel>
        <m_FemaleModel>skinned\rasmodels\peniscoverwalk</m_FemaleModel>
        <m_GUID>8e4kfo41-5k45-6z91-v97u-p7eseeq46a18</m_GUID>
        <m_Static>false</m_Static>
        <m_AllowRandomHue>false</m_AllowRandomHue>
        <m_AllowRandomTint>false</m_AllowRandomTint>
        <m_AttachBone></m_AttachBone>
        <textureChoices>rasbodymodtextures\maleprivate\penis05</textureChoices>
</clothingItem>