﻿<?xml version="1.0" encoding="utf-8"?>
<clothingItem>
        <m_MaleModel>skinned\rasmodels\penissitting</m_MaleModel>
        <m_FemaleModel>skinned\rasmodels\penissitting</m_FemaleModel>
        <m_GUID>375q472b-171j-d783-180y-9td56666tljh</m_GUID>
        <m_Static>false</m_Static>
        <m_AllowRandomHue>false</m_AllowRandomHue>
        <m_AllowRandomTint>false</m_AllowRandomTint>
        <m_AttachBone></m_AttachBone>
        <textureChoices>rasbodymodtextures\maleprivate\penis01</textureChoices>
</clothingItem>