﻿<?xml version="1.0" encoding="utf-8"?>
<clothingItem>
        <m_MaleModel>skinned\rasmodels\penisdefault</m_MaleModel>
        <m_FemaleModel>skinned\rasmodels\penisdefault</m_FemaleModel>
        <m_GUID>s21l3066-7hy8-fb9u-v63z-7i32ajt2eqoq</m_GUID>
        <m_Static>false</m_Static>
        <m_AllowRandomHue>false</m_AllowRandomHue>
        <m_AllowRandomTint>false</m_AllowRandomTint>
        <m_AttachBone></m_AttachBone>
        <textureChoices>rasbodymodtextures\maleprivate\penis04_hair</textureChoices>
</clothingItem>