﻿<?xml version="1.0" encoding="utf-8"?>
<clothingItem>
        <m_MaleModel>skinned\rasmodels\peniscover</m_MaleModel>
        <m_FemaleModel>skinned\rasmodels\peniscover</m_FemaleModel>
        <m_GUID>0as94042-611s-x2oi-qsst-082u4b720805</m_GUID>
        <m_Static>false</m_Static>
        <m_AllowRandomHue>false</m_AllowRandomHue>
        <m_AllowRandomTint>false</m_AllowRandomTint>
        <m_AttachBone></m_AttachBone>
        <textureChoices>rasbodymodtextures\maleprivate\penis02</textureChoices>
</clothingItem>