﻿<?xml version="1.0" encoding="utf-8"?>
<clothingItem>
        <m_MaleModel>skinned\rasmodels\penisdefault</m_MaleModel>
        <m_FemaleModel>skinned\rasmodels\penisdefault</m_FemaleModel>
        <m_GUID>qjhhz73q-0848-3v5q-837r-qg1187wez5j3</m_GUID>
        <m_Static>false</m_Static>
        <m_AllowRandomHue>false</m_AllowRandomHue>
        <m_AllowRandomTint>false</m_AllowRandomTint>
        <m_AttachBone></m_AttachBone>
        <textureChoices>rasbodymodtextures\maleprivate\penis03</textureChoices>
</clothingItem>