﻿<?xml version="1.0" encoding="utf-8"?>
<clothingItem>
        <m_MaleModel>skinned\rasmodels\penissitting</m_MaleModel>
        <m_FemaleModel>skinned\rasmodels\penissitting</m_FemaleModel>
        <m_GUID>9l9a7fg5-2nj7-m2cd-2421-x484985d94kh</m_GUID>
        <m_Static>false</m_Static>
        <m_AllowRandomHue>false</m_AllowRandomHue>
        <m_AllowRandomTint>false</m_AllowRandomTint>
        <m_AttachBone></m_AttachBone>
        <textureChoices>rasbodymodtextures\maleprivate\penis04</textureChoices>
</clothingItem>