﻿<?xml version="1.0" encoding="utf-8"?>
<clothingItem>
        <m_MaleModel>skinned\rasmodels\penisdefault</m_MaleModel>
        <m_FemaleModel>skinned\rasmodels\penisdefault</m_FemaleModel>
        <m_GUID>qs5985td-9t0c-2978-10pr-x84vql77k84o</m_GUID>
        <m_Static>false</m_Static>
        <m_AllowRandomHue>false</m_AllowRandomHue>
        <m_AllowRandomTint>false</m_AllowRandomTint>
        <m_AttachBone></m_AttachBone>
        <textureChoices>rasbodymodtextures\maleprivate\penis02_hair</textureChoices>
</clothingItem>