﻿<?xml version="1.0" encoding="utf-8"?>
<clothingItem>
        <m_MaleModel>skinned\rasmodels\peniscoverwalk</m_MaleModel>
        <m_FemaleModel>skinned\rasmodels\peniscoverwalk</m_FemaleModel>
        <m_GUID>rllv9e57-j2s3-ag03-7s14-kya768c1w6fm</m_GUID>
        <m_Static>false</m_Static>
        <m_AllowRandomHue>false</m_AllowRandomHue>
        <m_AllowRandomTint>false</m_AllowRandomTint>
        <m_AttachBone></m_AttachBone>
        <textureChoices>rasbodymodtextures\maleprivate\penis01</textureChoices>
</clothingItem>