﻿<?xml version="1.0" encoding="utf-8"?>
<clothingItem>
        <m_MaleModel>skinned\rasmodels\penisdefault</m_MaleModel>
        <m_FemaleModel>skinned\rasmodels\penisdefault</m_FemaleModel>
        <m_GUID>u8e17f19-x76q-7pt0-d936-4e8315hvnio1</m_GUID>
        <m_Static>false</m_Static>
        <m_AllowRandomHue>false</m_AllowRandomHue>
        <m_AllowRandomTint>false</m_AllowRandomTint>
        <m_AttachBone></m_AttachBone>
        <textureChoices>rasbodymodtextures\maleprivate\penis05_hair</textureChoices>
</clothingItem>