﻿<?xml version="1.0" encoding="utf-8"?>
<clothingItem>
        <m_MaleModel>skinned\rasmodels\peniscoverwalk</m_MaleModel>
        <m_FemaleModel>skinned\rasmodels\peniscoverwalk</m_FemaleModel>
        <m_GUID>7b89824s-011g-ziie-2672-x5s9n05l7536</m_GUID>
        <m_Static>false</m_Static>
        <m_AllowRandomHue>false</m_AllowRandomHue>
        <m_AllowRandomTint>false</m_AllowRandomTint>
        <m_AttachBone></m_AttachBone>
        <textureChoices>rasbodymodtextures\maleprivate\penis04</textureChoices>
</clothingItem>