﻿<?xml version="1.0" encoding="utf-8"?>
<clothingItem>
        <m_GUID>415k2068-9006-e85z-64ns-641swk62u1s8</m_GUID>
        <m_MaleModel>x:skinned\clothes\bob_huntingvest</m_MaleModel>
        <m_FemaleModel>x:skinned\clothes\kate_huntingvest</m_FemaleModel>
        <m_AltMaleModel>null</m_AltMaleModel>
        <m_AltFemaleModel>null</m_AltFemaleModel>
        <m_Static>false</m_Static>
        <m_AllowRandomHue>false</m_AllowRandomHue>
        <m_AllowRandomTint>false</m_AllowRandomTint>
        <m_AttachBone></m_AttachBone>
        <m_Masks>13</m_Masks>
        <m_MasksFolder>media/textures/Clothes/BulletVest/Masks_HighViz</m_MasksFolder>
        <textureChoices>clothes\bulletvest\vestleather_barrelldogs</textureChoices>
</clothingItem>