﻿<?xml version="1.0" encoding="utf-8"?>
<clothingItem>
        <m_GUID>363o4a12-r10b-s37k-1o99-5uy1v31s6644</m_GUID>
        <m_MaleModel>skinned\clothes\bob_huntingvest</m_MaleModel>
        <m_FemaleModel>skinned\clothes\kate_huntingvest</m_FemaleModel>
        <m_AltMaleModel>null</m_AltMaleModel>
        <m_AltFemaleModel>null</m_AltFemaleModel>
        <m_Static>false</m_Static>
        <m_AllowRandomHue>false</m_AllowRandomHue>
        <m_AllowRandomTint>false</m_AllowRandomTint>
        <m_AttachBone></m_AttachBone>
        <m_Masks>13</m_Masks>
        <m_MasksFolder>media/textures/Clothes/BulletVest/Masks_HighViz</m_MasksFolder>
        <textureChoices>clothes\bulletvest\huntingVest_grey_trucker_1</textureChoices>
        <textureChoices>clothes\bulletvest\huntingVest_grey_trucker_2</textureChoices>
</clothingItem>