<?xml version="1.0" encoding="utf-8"?> 
<fileGuidTable> 





<!-- **************************************** FEMALE SKINS ******************************************** -->
 
 
  <files>
    <path>media/clothing/clothingItems/RasSkinFemale01.xml</path>
    <guid>mx62oq7b-3qq1-0a9h-272v-32cr7ynlymg9</guid>
  </files>
 
  <files>
    <path>media/clothing/clothingItems/RasSkinFemale02.xml</path>
    <guid>o58edizk-mirb-78s7-xq00-x92z2q528jdo</guid>
  </files>
 
  <files>
    <path>media/clothing/clothingItems/RasSkinFemale03.xml</path>
    <guid>8le65b0j-el9w-q52d-fg30-59vhw1q377gm</guid>
  </files>
 
  <files>
    <path>media/clothing/clothingItems/RasSkinFemale04.xml</path>
    <guid>v299m7eh-o6i2-9o26-ve5z-l649499oh5ab</guid>
  </files>
 
  <files>
    <path>media/clothing/clothingItems/RasSkinFemale05.xml</path>
    <guid>xt2gj679-n4sr-h3d2-5068-al1f8t9ur598</guid>
  </files>
 

 
 
<!-- **************************************** MALE SKINS ******************************************** -->
 
 
  <files>
    <path>media/clothing/clothingItems/RasSkinMale01.xml</path>
    <guid>oim6xg7e-ns8w-17um-nd7i-r28y44lyas7x</guid>
  </files>
 
  <files>
    <path>media/clothing/clothingItems/RasSkinMale02.xml</path>
    <guid>3x26qxlu-42kc-kwk6-42cn-jsp8qe8nv9y2</guid>
  </files>
 
  <files>
    <path>media/clothing/clothingItems/RasSkinMale03.xml</path>
    <guid>b4moc6z9-4hs0-4cmb-y0wm-bj8x772196f4</guid>
  </files>
 
  <files>
    <path>media/clothing/clothingItems/RasSkinMale04.xml</path>
    <guid>kqr6g81z-b2gq-6iyy-jtz5-15jk51ie5d31</guid>
  </files>
 
  <files>
    <path>media/clothing/clothingItems/RasSkinMale05.xml</path>
    <guid>5hhbi4p5-6837-c98n-401a-av0yuu1i0xhu</guid>
  </files>
 

<!-- **************************************** FEMALE ARMPIT HAIR ******************************************** -->
 
 
  <files>
    <path>media/clothing/clothingItems/RasFemaleArmpit.xml</path>
    <guid>748f9180-m0u4-y469-042c-i40917o19738</guid>
  </files>
 
  <files>
    <path>media/clothing/clothingItems/RasFemaleArmpit_Int.xml</path>
    <guid>aoyqau6b-k69h-t2x0-8ira-kq1l48nc8a7d</guid>
  </files>
 
  <files>
    <path>media/clothing/clothingItems/RasFemaleArmpit_Black2.xml</path>
    <guid>zx2t8w96-63a7-78j4-5640-425hat968j5x</guid>
  </files>
 

<!-- **************************************** MALE ARMPIT HAIR ******************************************** -->
 
 
  <files>
    <path>media/clothing/clothingItems/RasMaleArmpit.xml</path>
    <guid>65zz1me3-cr4s-j42f-t925-x6k1qo2n819j</guid>
  </files>
 
  <files>
    <path>media/clothing/clothingItems/RasMaleArmpit_Int.xml</path>
    <guid>549qhfy4-33o3-rbf0-d63y-qrjx493o27k2</guid>
  </files>
 

<!-- **************************************** MALE CHEST HAIR ******************************************** -->
 
 
  <files>
    <path>media/clothing/clothingItems/RasMaleChest.xml</path>
    <guid>7qv4i3bv-vl8j-7092-8ot3-g5f0agnbj2xy</guid>
  </files>
 
  <files>
    <path>media/clothing/clothingItems/RasMaleChest_Int.xml</path>
    <guid>s3lp1hu9-955s-f6g7-az1n-281636ob9tai</guid>
  </files>
 

<!-- **************************************** FEMALE LEG HAIR ******************************************** -->
 
 
  <files>
    <path>media/clothing/clothingItems/RasFemaleLeg.xml</path>
    <guid>45gnp04t-b878-oj4h-5e0m-si165mt46j24</guid>
  </files>
 
  <files>
    <path>media/clothing/clothingItems/RasFemaleLeg_Int.xml</path>
    <guid>wyc96118-338j-o4r4-v6y7-9qt84po3k8o7</guid>
  </files>
 
  <files>
    <path>media/clothing/clothingItems/RasFemaleLeg_Black2.xml</path>
    <guid>24u6tzvu-w868-u1e7-74td-p3e8wwbtmd8o</guid>
  </files>
 

<!-- **************************************** MALE LEG HAIR ******************************************** -->
 
 
  <files>
    <path>media/clothing/clothingItems/RasMaleLeg.xml</path>
    <guid>tt2z9qc0-sl63-0139-hrln-jnazf5zeh263</guid>
  </files>
 
  <files>
    <path>media/clothing/clothingItems/RasMaleLeg_Int.xml</path>
    <guid>85b079fu-8yl2-976l-rh54-rnpfgzh24xc4</guid>
  </files>
 

<!-- **************************************** FEMALE PUBIC NATURAL ******************************************** -->
 
 
  <files>
    <path>media/clothing/clothingItems/RasFemalePubicNatural.xml</path>
    <guid>omw0f31o-w52t-69ky-46h2-2te4t036glbe</guid>
  </files>
 
  <files>
    <path>media/clothing/clothingItems/RasFemalePubicNatural_Int.xml</path>
    <guid>kn19038x-8mha-us2x-ff3v-hae48o63qq5c</guid>
  </files>
 
  <files>
    <path>media/clothing/clothingItems/RasFemalePubicNatural_Int_Black2.xml</path>
    <guid>uj430l6n-f0i3-7063-iq3m-w2yddjckylb1</guid>
  </files>
 
  <files>
    <path>media/clothing/clothingItems/RasFemalePubicNatural_Black2.xml</path>
    <guid>sw0s4ayz-c04u-3yqc-my2j-62w2y17jv5vw</guid>
  </files>
 

<!-- **************************************** MALE PUBIC NATURAL ******************************************** -->
 
 
  <files>
    <path>media/clothing/clothingItems/RasMalePubicNatural.xml</path>
    <guid>3g5e0k93-5gzc-e0gh-69e2-si47o883xy79</guid>
  </files>
 
  <files>
    <path>media/clothing/clothingItems/RasMalePubicNatural_Int.xml</path>
    <guid>hr40k9cd-f8q2-027z-6j44-9ygx242152hq</guid>
  </files>
 

<!-- **************************************** FEMALE PUBIC STRIP ******************************************** -->
 
 
  <files>
    <path>media/clothing/clothingItems/RasFemalePubicStrip.xml</path>
    <guid>52vym002-4y2r-0g90-05jh-2vt615b68508</guid>
  </files>
 
  <files>
    <path>media/clothing/clothingItems/RasFemalePubicStrip_Black2.xml</path>
    <guid>dn9y3g2w-2y8z-27m1-j01v-1siijy0d589w</guid>
  </files>
 

<!-- **************************************** MALE PUBIC STRIP ******************************************** -->
 
 
  <files>
    <path>media/clothing/clothingItems/RasMalePubicStrip.xml</path>
    <guid>8llghs0e-9291-6r0j-3485-m349145087xy</guid>
  </files>
 
  <files>
    <path>media/clothing/clothingItems/RasMalePubicStrip_Int.xml</path>
    <guid>s320855o-94hv-i7x8-lkt3-3vo80df545m7</guid>
  </files>
 

<!-- **************************************** FEMALE PUBIC TRIMMED ******************************************** -->
 
 
  <files>
    <path>media/clothing/clothingItems/RasFemalePubicTrimmed.xml</path>
    <guid>h01h2n53-98tw-hp13-8vv1-73278r5t3qdc</guid>
  </files>
 
  <files>
    <path>media/clothing/clothingItems/RasFemalePubicTrimmed_Black2.xml</path>
    <guid>e924xfmr-3k5z-5tf2-4wd5-4a1224x70xcn</guid>
  </files>
 

 
 
<!-- **************************************** PENIS MODELS ******************************************** -->
 
 
  <files>
    <path>media/clothing/clothingItems/RasPenisDefault01.xml</path>
    <guid>537dl0de-8x13-z6s5-90tx-xjt9nseig97o</guid>
  </files>
 
  <files>
    <path>media/clothing/clothingItems/RasPenisDefault02.xml</path>
    <guid>xl640bzl-h516-847i-8duq-u15dxj2p9367</guid>
  </files>
 
  <files>
    <path>media/clothing/clothingItems/RasPenisDefault03.xml</path>
    <guid>qjhhz73q-0848-3v5q-837r-qg1187wez5j3</guid>
  </files>
 
  <files>
    <path>media/clothing/clothingItems/RasPenisDefault04.xml</path>
    <guid>8ab5wvpy-s5l1-sb8t-d24n-mb915i00k3nb</guid>
  </files>
 
  <files>
    <path>media/clothing/clothingItems/RasPenisDefault05.xml</path>
    <guid>245b47l5-8lnl-7t9y-j4qp-691m5r77gf4t</guid>
  </files>
 
  <files>
    <path>media/clothing/clothingItems/RasPenisSitting01.xml</path>
    <guid>375q472b-171j-d783-180y-9td56666tljh</guid>
  </files>
 
  <files>
    <path>media/clothing/clothingItems/RasPenisSitting02.xml</path>
    <guid>r49n12u9-6fwf-7h2v-976d-2q3nm97k57xc</guid>
  </files>
 
  <files>
    <path>media/clothing/clothingItems/RasPenisSitting03.xml</path>
    <guid>nkg1ti60-nw4z-p5c0-92t1-93gu53uh7rw7</guid>
  </files>
 
  <files>
    <path>media/clothing/clothingItems/RasPenisSitting04.xml</path>
    <guid>9l9a7fg5-2nj7-m2cd-2421-x484985d94kh</guid>
  </files>
 
  <files>
    <path>media/clothing/clothingItems/RasPenisSitting05.xml</path>
    <guid>nh506gy4-80hl-l7k4-r82h-7388bsqmlcvv</guid>
  </files>
 
  <files>
    <path>media/clothing/clothingItems/RasPenisCover01.xml</path>
    <guid>i835zugf-x0v3-3729-6y3b-875cw27u5005</guid>
  </files>
 
  <files>
    <path>media/clothing/clothingItems/RasPenisCover02.xml</path>
    <guid>0as94042-611s-x2oi-qsst-082u4b720805</guid>
  </files>
 
  <files>
    <path>media/clothing/clothingItems/RasPenisCover03.xml</path>
    <guid>c0y2f5c0-x22z-xqkj-mq4n-y912z3303mx4</guid>
  </files>
 
  <files>
    <path>media/clothing/clothingItems/RasPenisCover04.xml</path>
    <guid>7h005r1m-b029-8545-0ino-6xd63t72f3f5</guid>
  </files>
 
  <files>
    <path>media/clothing/clothingItems/RasPenisCover05.xml</path>
    <guid>cd4oevno-qa8p-54le-x42c-m805xyqpzoiv</guid>
  </files>
 
  <files>
    <path>media/clothing/clothingItems/RasPenisCoverWalk01.xml</path>
    <guid>rllv9e57-j2s3-ag03-7s14-kya768c1w6fm</guid>
  </files>
 
  <files>
    <path>media/clothing/clothingItems/RasPenisCoverWalk02.xml</path>
    <guid>e8bs317h-9kr4-9j1e-5ute-b0q984m1bzn5</guid>
  </files>
 
  <files>
    <path>media/clothing/clothingItems/RasPenisCoverWalk03.xml</path>
    <guid>iukfmzae-19ug-31w3-i20a-zfshaup812ze</guid>
  </files>
 
  <files>
    <path>media/clothing/clothingItems/RasPenisCoverWalk04.xml</path>
    <guid>7b89824s-011g-ziie-2672-x5s9n05l7536</guid>
  </files>
 
  <files>
    <path>media/clothing/clothingItems/RasPenisCoverWalk05.xml</path>
    <guid>8e4kfo41-5k45-6z91-v97u-p7eseeq46a18</guid>
  </files>
 
  <files>
    <path>media/clothing/clothingItems/RasPenisTurnAround01.xml</path>
    <guid>5v7zsiu5-ryvk-m56s-43yb-5edeu81k8i76</guid>
  </files>
 
  <files>
    <path>media/clothing/clothingItems/RasPenisTurnAround02.xml</path>
    <guid>6gvc0m52-f6w0-4846-g983-q49g1067424f</guid>
  </files>
 
  <files>
    <path>media/clothing/clothingItems/RasPenisTurnAround03.xml</path>
    <guid>30hq1077-e356-85i1-k9ev-fgb0n9013cq1</guid>
  </files>
 
  <files>
    <path>media/clothing/clothingItems/RasPenisTurnAround04.xml</path>
    <guid>3nfq23j8-9xg3-076n-i650-yvwnmhoecyt3</guid>
  </files>
 
  <files>
    <path>media/clothing/clothingItems/RasPenisTurnAround05.xml</path>
    <guid>5b2n9rr2-jw63-r43t-13hu-4ip9fr2896ws</guid>
  </files>
 
  <files>
    <path>media/clothing/clothingItems/RasPenisDefault01_Hair.xml</path>
    <guid>321n46b8-zw7j-r45d-39l9-3a2o126j1fj4</guid>
  </files>
 
  <files>
    <path>media/clothing/clothingItems/RasPenisDefault02_Hair.xml</path>
    <guid>qs5985td-9t0c-2978-10pr-x84vql77k84o</guid>
  </files>
 
  <files>
    <path>media/clothing/clothingItems/RasPenisDefault03_Hair.xml</path>
    <guid>5794iu57-7629-1fx9-96o1-k1kv3i86j1zq</guid>
  </files>
 
  <files>
    <path>media/clothing/clothingItems/RasPenisDefault04_Hair.xml</path>
    <guid>s21l3066-7hy8-fb9u-v63z-7i32ajt2eqoq</guid>
  </files>
 
  <files>
    <path>media/clothing/clothingItems/RasPenisDefault05_Hair.xml</path>
    <guid>u8e17f19-x76q-7pt0-d936-4e8315hvnio1</guid>
  </files>
 
  <files>
    <path>media/clothing/clothingItems/RasPenisTurnAround01_Hair.xml</path>
    <guid>nlo76y33-z317-6srb-o990-692439nc6380</guid>
  </files>
 
  <files>
    <path>media/clothing/clothingItems/RasPenisTurnAround02_Hair.xml</path>
    <guid>07225047-74ao-j348-klu1-16w0d9f9140q</guid>
  </files>
 
  <files>
    <path>media/clothing/clothingItems/RasPenisTurnAround03_Hair.xml</path>
    <guid>s58hohud-3msl-uuri-bzil-6n5s750v952u</guid>
  </files>
 
  <files>
    <path>media/clothing/clothingItems/RasPenisTurnAround04_Hair.xml</path>
    <guid>8713q6ic-j478-md76-5a3y-5590h1az71ro</guid>
  </files>
 
  <files>
    <path>media/clothing/clothingItems/RasPenisTurnAround05_Hair.xml</path>
    <guid>756k9l17-17fh-01l3-fd30-l39v023bwb1c</guid>
  </files>
 

 
 
<!-- **************************************** STUBBLE ITEMS ******************************************** -->
 
 
  <files>
    <path>media/clothing/clothingItems/RasStubbleBeard_Dark.xml</path>
    <guid>3hlxvg54-214z-9b7u-lfen-d38h7g347w2a</guid>
  </files>
 
  <files>
    <path>media/clothing/clothingItems/RasStubbleBeard_Light.xml</path>
    <guid>ii2zcilf-26yc-o213-7b9t-l8ei0sb0suz9</guid>
  </files>
 
  <files>
    <path>media/clothing/clothingItems/RasStubbleHead_Dark_F.xml</path>
    <guid>229l0710-z6ns-t74r-5914-fo9oqs59q5q0</guid>
  </files>
 
  <files>
    <path>media/clothing/clothingItems/RasStubbleHead_Dark_M.xml</path>
    <guid>1v48qq5b-ws7b-5277-ntv8-80k259n0vr3e</guid>
  </files>
 
  <files>
    <path>media/clothing/clothingItems/RasStubbleHead_Light_F.xml</path>
    <guid>il736828-927j-jw8j-paf8-q0hl7o45tva2</guid>
  </files>
 
  <files>
    <path>media/clothing/clothingItems/RasStubbleHead_Light_M.xml</path>
    <guid>2j64066z-dxx1-5w46-t65m-8ap79o99lz8o</guid>
  </files>
 

 
 
<!-- **************************************** VEST GLITCH FIX ITEMS ******************************************** -->
 
 
  <files>
    <path>media/clothing/clothingItems/RasVest_BulletArmy.xml</path>
    <guid>x664ej98-stt0-5ro5-46mk-c7nd0xer8m40</guid>
  </files>
 
  <files>
    <path>media/clothing/clothingItems/RasVest_BulletCivilian.xml</path>
    <guid>821i2q1j-73kx-4r8m-1551-kqjh66xn713c</guid>
  </files>
 
  <files>
    <path>media/clothing/clothingItems/RasVest_BulletPolice.xml</path>
    <guid>t741x20c-770b-qmr0-54cu-3944oa75ma4j</guid>
  </files>
   
  <files>
    <path>media/clothing/clothingItems/RasVest_HighViz.xml</path>
    <guid>y9x6dy9g-8q9r-qp95-u9h9-b806057r85dt</guid>
  </files>
 
  <files>
    <path>media/clothing/clothingItems/RasVest_Hunting_Grey.xml</path>
    <guid>0768v214-l5er-b50i-kl03-r01667o8jvl9</guid>
  </files>
 
  <files>
    <path>media/clothing/clothingItems/RasVest_Hunting_Orange.xml</path>
    <guid>0774v4c4-698z-76zr-5v5a-wyc1h40tqyvl</guid>
  </files>
 
  <files>
    <path>media/clothing/clothingItems/RasVest_Hunting_Camo.xml</path>
    <guid>57077128-s8k1-40f9-2100-9ric2u7si47v</guid>
  </files>
 
  <files>
    <path>media/clothing/clothingItems/RasVest_Hunting_CamoGreen.xml</path>
    <guid>336zyiic-3ec8-4uy8-zzr7-75oi250q5y5w</guid>
  </files>
 



 </fileGuidTable>


