﻿<?xml version="1.0" encoding="utf-8"?>
<clothingItem>
        <m_MaleModel>skinned\rasmodels\peniscoverwalk</m_MaleModel>
        <m_FemaleModel>skinned\rasmodels\peniscoverwalk</m_FemaleModel>
        <m_GUID>e8bs317h-9kr4-9j1e-5ute-b0q984m1bzn5</m_GUID>
        <m_Static>false</m_Static>
        <m_AllowRandomHue>false</m_AllowRandomHue>
        <m_AllowRandomTint>false</m_AllowRandomTint>
        <m_AttachBone></m_AttachBone>
        <textureChoices>rasbodymodtextures\maleprivate\penis02</textureChoices>
</clothingItem>