﻿<?xml version="1.0" encoding="utf-8"?>
<clothingItem>
        <m_MaleModel>skinned\rasmodels\penissitting</m_MaleModel>
        <m_FemaleModel>skinned\rasmodels\penissitting</m_FemaleModel>
        <m_GUID>nkg1ti60-nw4z-p5c0-92t1-93gu53uh7rw7</m_GUID>
        <m_Static>false</m_Static>
        <m_AllowRandomHue>false</m_AllowRandomHue>
        <m_AllowRandomTint>false</m_AllowRandomTint>
        <m_AttachBone></m_AttachBone>
        <textureChoices>rasbodymodtextures\maleprivate\penis03</textureChoices>
</clothingItem>