﻿<?xml version="1.0" encoding="utf-8"?>
<clothingItem>
        <m_MaleModel>skinned\rasmodels\penissitting</m_MaleModel>
        <m_FemaleModel>skinned\rasmodels\penissitting</m_FemaleModel>
        <m_GUID>r49n12u9-6fwf-7h2v-976d-2q3nm97k57xc</m_GUID>
        <m_Static>false</m_Static>
        <m_AllowRandomHue>false</m_AllowRandomHue>
        <m_AllowRandomTint>false</m_AllowRandomTint>
        <m_AttachBone></m_AttachBone>
        <textureChoices>rasbodymodtextures\maleprivate\penis02</textureChoices>
</clothingItem>