﻿<?xml version="1.0" encoding="utf-8"?>
<clothingItem>
        <m_MaleModel>skinned\rasmodels\peniscover</m_MaleModel>
        <m_FemaleModel>skinned\rasmodels\peniscover</m_FemaleModel>
        <m_GUID>i835zugf-x0v3-3729-6y3b-875cw27u5005</m_GUID>
        <m_Static>false</m_Static>
        <m_AllowRandomHue>false</m_AllowRandomHue>
        <m_AllowRandomTint>false</m_AllowRandomTint>
        <m_AttachBone></m_AttachBone>
        <textureChoices>rasbodymodtextures\maleprivate\penis01</textureChoices>
</clothingItem>