﻿<?xml version="1.0" encoding="utf-8"?>
<clothingItem>
        <m_MaleModel>skinned\rasmodels\penisturnaround</m_MaleModel>
        <m_FemaleModel>skinned\rasmodels\penisturnaround</m_FemaleModel>
        <m_GUID>nlo76y33-z317-6srb-o990-692439nc6380</m_GUID>
        <m_Static>false</m_Static>
        <m_AllowRandomHue>false</m_AllowRandomHue>
        <m_AllowRandomTint>false</m_AllowRandomTint>
        <m_AttachBone></m_AttachBone>
        <textureChoices>rasbodymodtextures\maleprivate\penis01_hair</textureChoices>
</clothingItem>