﻿<?xml version="1.0" encoding="utf-8"?>
<clothingItem>
        <m_MaleModel>skinned\rasmodels\penissitting</m_MaleModel>
        <m_FemaleModel>skinned\rasmodels\penissitting</m_FemaleModel>
        <m_GUID>nh506gy4-80hl-l7k4-r82h-7388bsqmlcvv</m_GUID>
        <m_Static>false</m_Static>
        <m_AllowRandomHue>false</m_AllowRandomHue>
        <m_AllowRandomTint>false</m_AllowRandomTint>
        <m_AttachBone></m_AttachBone>
        <textureChoices>rasbodymodtextures\maleprivate\penis05</textureChoices>
</clothingItem>