﻿<?xml version="1.0" encoding="utf-8"?>
<clothingItem>
        <m_GUID>0kr7aht7-04u8-81zi-5j02-1bnifynv35s3</m_GUID>
        <m_MaleModel>skinned\clothes\bob_bulletvest</m_MaleModel>
        <m_FemaleModel>skinned\clothes\kate_bulletvest</m_FemaleModel>
        <m_AltMaleModel></m_AltMaleModel>
        <m_AltFemaleModel></m_AltFemaleModel>
        <m_Static>false</m_Static>
        <m_AllowRandomHue>false</m_AllowRandomHue>
        <m_AllowRandomTint>false</m_AllowRandomTint>
        <m_AttachBone></m_AttachBone>
        <m_Masks>12</m_Masks>
        <m_MasksFolder>media/textures/Clothes/BulletVest/Masks_BulletVest</m_MasksFolder>
        <textureChoices>clothes\bulletvest\Vest_BulletCamo_OliveDrab</textureChoices>
</clothingItem>