﻿<?xml version="1.0" encoding="utf-8"?>
<clothingItem>
        <m_GUID>y9x6dy9g-8q9r-qp95-u9h9-b806057r85dt</m_GUID>
        <m_MaleModel>media\models_X\Skinned\Clothes\Bob_HighVisVest.X</m_MaleModel>
        <m_FemaleModel>media\models_X\Skinned\Clothes\Kate_HighVisVest.X</m_FemaleModel>
        <m_AltMaleModel>null</m_AltMaleModel>
        <m_AltFemaleModel>null</m_AltFemaleModel>
        <m_Static>false</m_Static>
        <m_AllowRandomHue>false</m_AllowRandomHue>
        <m_AllowRandomTint>false</m_AllowRandomTint>
        <m_AttachBone></m_AttachBone>
        <m_Masks>13</m_Masks>
        <m_MasksFolder>media/textures/Clothes/BulletVest/Masks_HighViz</m_MasksFolder>
        <textureChoices>clothes\bulletvest\highvisvest</textureChoices>
</clothingItem>